epoch,train_loss,val_loss,train_acc,val_acc,lr
1,1.486493,1.685045,44.3239,49.3243,0.001
2,1.220140,1.213705,50.9761,54.3919,0.001
3,1.133291,1.023596,53.6515,54.0541,0.001
4,0.857600,1.234991,60.9544,55.4054,0.001
5,0.728341,1.248571,66.8836,54.7297,0.001
6,0.688161,0.944135,71.2220,69.9324,0.001
7,0.496543,1.076364,75.4881,63.5135,0.001
8,0.431343,1.231836,79.2480,60.4730,0.001
9,0.327237,1.345619,83.7310,63.5135,0.001
10,0.185764,1.022065,89.8771,69.5946,0.0005
